"country","movies_count","avg_rating_kp","avg_rating_imdb"
США,20507,6.02,5.82
СССР,3651,6.86,6.52
Великобритания,2984,6.42,6.31
Франция,2952,6.44,6.21
Россия,2408,6.03,5.64
Япония,1575,6.56,6.48
Италия,1286,6.16,5.90
Индия,1250,7.08,6.07
Канада,1246,5.66,5.40
Корея Южная,1114,6.72,6.38
Германия,965,6.41,6.02
"Великобритания, США",762,6.67,6.52
"США, Канада",641,6.11,5.74
Испания,578,6.13,6.01
"Канада, США",485,5.91,5.44
Гонконг,484,6.51,6.31
Австралия,482,6.10,5.98
"Франция, Италия",390,6.89,6.50
Польша,388,6.61,6.38
"США, Великобритания",386,6.60,6.37
"Италия, Франция",373,6.58,6.41
"Франция, Бельгия",316,6.42,6.11
Китай,312,6.37,5.96
Швеция,301,6.42,6.31
Дания,251,6.31,6.13
Нидерланды,212,6.48,6.23
Германия (ФРГ),211,6.41,6.23
Украина,203,6.21,6.08
"США, Германия",188,6.39,5.97
Норвегия,173,6.11,6.07
Мексика,157,6.05,6.13
Таиланд,153,5.75,5.56
Чехословакия,151,6.82,7.01
"Германия, США",137,6.21,5.66
Турция,137,6.64,6.31
"Франция, США",126,6.65,6.22
"США, Мексика",123,6.13,5.76
Венгрия,117,6.57,6.71
Чехия,112,6.46,6.07
"США, Франция",110,6.55,6.32
Бразилия,109,6.04,6.32
Казахстан,105,6.64,6.27
Финляндия,102,6.36,6.25
"США, Япония",97,6.11,5.76
"Китай, Гонконг",96,6.55,6.26
"Италия, США",95,6.17,5.75
Аргентина,94,6.11,6.15
"Гонконг, Китай",93,6.46,6.27
Ирландия,90,6.26,6.21
"Великобритания, Франция",90,6.60,6.32
Новая Зеландия,81,6.20,6.14
"Австралия, США",80,6.50,6.11
"Италия, Испания",80,6.16,6.02
Тайвань,71,6.56,6.51
Австрия,71,6.29,6.36
Израиль,71,6.46,6.59
"США, Австралия",70,6.39,5.95
Швейцария,68,6.01,6.04
"Испания, Франция",68,6.39,6.40
Бельгия,65,6.23,6.30
"Великобритания, Франция, США",58,6.86,6.67
"США, Китай",56,6.37,6.18
"Франция, Германия",55,6.52,6.41
Иран,54,7.00,7.28
Югославия,54,6.80,7.41
"Великобритания, Германия",54,6.71,6.35
"Франция, Канада",52,6.63,6.27
Румыния,49,6.46,6.99
"Мексика, США",49,6.04,5.92
Армения,49,7.24,6.95
"Япония, США",49,6.24,6.13
"Франция, Италия, Германия (ФРГ)",48,6.89,6.44
"Великобритания, Канада",47,6.24,5.78
ЮАР,47,5.94,5.50
"Россия, Украина",45,6.09,5.45
Германия (ГДР),45,6.58,6.46
"США, Италия",45,5.91,5.65
"Испания, США",45,6.17,5.75
"Канада, Великобритания",45,6.21,5.98
"Бельгия, Франция",45,6.43,6.49
Индонезия,44,5.23,5.73
Беларусь,44,6.02,5.57
"Франция, Испания",42,6.16,5.77
"США, Румыния",42,4.94,4.53
"Германия, Австрия",42,6.48,5.87
Российская империя,42,6.36,5.77
Греция,41,6.32,6.60
Филиппины,40,5.65,5.65
"Франция, Швейцария",40,6.54,6.38
"Великобритания, Ирландия",40,6.36,6.25
"Ирландия, Великобритания",39,6.42,6.41
"Франция, Великобритания",38,6.76,6.29
"США, Болгария",37,4.53,4.18
"Канада, Франция",36,6.55,6.27
"Швейцария, Франция",36,6.45,6.48
Исландия,36,6.40,6.51
"Дания, Швеция",35,6.64,6.63
"Германия, Франция",35,6.77,6.71
"",34,5.97,5.93
"Франция, Германия (ФРГ)",34,6.80,6.57
"Россия, США",33,5.32,5.32
"США, Великобритания, Канада",33,6.15,5.90
"Италия, Франция, Германия (ФРГ)",33,6.67,6.47
"Австрия, Германия",32,6.51,6.47
"Италия, Германия (ФРГ)",31,6.43,6.24
"США, Россия",31,5.10,5.01
"Аргентина, Испания",30,6.58,6.60
"США, ЮАР",30,5.29,4.66
"Испания, Италия",30,6.35,6.19
"Великобритания, Германия, США",29,6.66,6.34
"Великобритания, Канада, США",29,6.56,6.40
"Гонконг, США",28,6.59,5.98
"США, Индия",28,6.73,6.39
Португалия,27,6.10,6.36
"Австралия, Великобритания",27,6.58,6.38
"США, Канада, Великобритания",27,6.21,5.97
"США, Испания",27,6.22,6.01
"США, Венгрия",26,6.10,5.85
"США, Великобритания, Франция",26,6.91,6.68
"Россия, Франция",26,6.46,6.34
Чили,26,5.46,5.63
"Великобритания, Италия",25,6.42,5.93
Сербия,25,6.34,6.59
"Россия, Беларусь",24,6.62,5.89
"США, Гонконг",24,6.62,6.23
"Германия (ФРГ), Франция",23,6.76,6.48
"Швеция, Дания",23,6.40,6.44
"Новая Зеландия, США",22,6.91,6.73
Болгария,22,6.72,7.09
"Испания, Аргентина",21,6.45,6.15
"Бельгия, Нидерланды",21,6.56,6.77
"Франция, Португалия",20,6.19,5.97
Эстония,20,6.55,6.80
"США, Германия, Канада",20,6.30,5.90
"Италия, Франция, Испания",20,6.16,5.85
"Индия, США",20,6.97,6.07
"США, Ирландия",19,6.33,6.16
Грузия,18,6.81,7.01
"Япония, Франция",18,6.67,6.82
"Германия, Канада",18,5.26,4.92
Латвия,18,6.06,6.88
"США, Германия (ФРГ)",18,6.53,6.51
"Великобритания, Испания",18,6.05,5.57
"Россия, Германия",18,6.17,6.21
"Ирландия, Великобритания, США",18,6.77,6.63
"Великобритания, США, Канада",17,6.65,6.49
"Нидерланды, Бельгия",17,6.50,6.65
"Германия, Великобритания",17,5.87,5.58
Египет,17,5.55,6.41
"Китай, США",16,5.98,5.43
"Канада, Германия",16,5.60,5.11
"Испания, Великобритания",15,5.82,5.19
"Гонконг, Тайвань",15,6.45,5.98
"Чехия, Словакия",15,6.55,6.14
"ЮАР, США",15,5.38,4.89
"Ирландия, США",15,6.64,6.63
Литва,14,5.98,6.71
"Испания, Мексика",14,6.07,6.19
"Германия (ФРГ), США",14,6.40,6.04
"Италия, Франция, Германия",14,6.81,6.89
"Филиппины, США",14,5.15,4.82
"Россия, Казахстан",14,5.90,5.78
"Великобритания, Германия (ФРГ)",14,6.47,6.46
"Франция, Италия, Германия",14,6.76,6.38
"США, Канада, Германия",14,6.17,5.72
"Франция, Германия, Бельгия",14,6.53,6.55
"Великобритания, Япония",14,6.67,6.44
"Франция, Люксембург, Бельгия",14,6.18,5.74
"Тайвань, Гонконг",14,6.41,6.37
Вьетнам,13,6.01,5.95
"Италия, Великобритания",13,6.53,6.08
"США, ОАЭ",13,6.59,6.54
"США, Германия, Великобритания",13,6.42,6.22
Азербайджан,13,7.33,7.85
"Италия, Франция, США",13,6.43,5.91
"Великобритания, Австралия",13,6.56,6.38
"США, Франция, Великобритания",13,6.49,6.06
"Великобритания, Ирландия, США",13,6.22,6.42
"Франция, Италия, Испания",13,6.74,6.38
"Канада, США, Великобритания",13,6.22,5.75
"Великобритания, США, Франция",13,6.67,6.65
"США, Таиланд",13,5.15,4.68
"Италия, Германия",12,6.30,5.69
"Иран, Франция",12,7.08,7.33
"Финляндия, Швеция",12,6.80,6.71
"США, Чехия",12,6.67,6.15
Сингапур,12,5.95,5.77
"США, Новая Зеландия",12,5.87,5.58
"Китай, Франция",12,6.57,6.75
"США, Нидерланды",11,5.74,5.18
"Корея Южная, США",11,5.28,4.45
"США, Корея Южная",11,6.56,6.17
"Португалия, Франция",11,6.26,6.53
"Великобритания, Франция, Германия, США",11,6.64,6.60
"Румыния, США",11,5.74,5.40
"Украина, Россия",11,6.64,6.24
"США, Великобритания, Германия",11,6.80,6.63
"Германия, Швейцария",11,6.02,5.85
"Германия, Канада, США",11,5.53,5.08
"Польша, Франция",11,6.87,6.64
Хорватия,11,6.38,6.68
"Израиль, Франция",11,6.40,6.53
Узбекистан,11,7.65,7.33
"СССР, Болгария",11,6.69,6.47
"Великобритания, Италия, США",11,6.91,6.65
"Канада, Великобритания, США",11,6.40,6.15
Югославия (ФР),11,7.04,7.63
"США, Австралия, Великобритания",11,6.28,5.68
"Великобритания, Австралия, США",11,7.08,6.98
"США, Греция",10,6.29,6.38
"США, Израиль",10,5.99,4.98
"ЮАР, Великобритания",10,5.94,5.48
"Франция, Россия",10,6.12,6.28
"Великобритания, Испания, США",10,6.68,6.51
"Великобритания, США, Австралия",10,7.31,7.03
"Мексика, Испания",10,6.56,6.69
"Болгария, США",10,4.71,4.35
"Великобритания, Япония, США",10,6.97,6.76
"СССР, Чехословакия",10,6.95,6.62
"Швейцария, Германия (ФРГ)",10,5.17,5.16
"Румыния, Франция",10,6.84,7.23
"Италия, Испания, Франция",10,6.16,5.70
"Франция, Япония",10,6.90,6.40
"Италия, Канада",10,5.54,5.24
"Испания, Германия",9,6.38,6.26
"Израиль, США",9,5.98,5.68
"США, Польша",9,6.15,5.68
"Великобритания, ЮАР",9,5.64,5.38
"Норвегия, Швеция",9,6.65,6.52
"Гонконг, Япония",9,6.53,6.30
"Швеция, Норвегия",9,6.96,6.57
"США, Канада, Франция",9,6.04,5.86
"Германия, Италия",9,6.38,6.21
"Италия, Бельгия",9,5.79,5.87
"Швейцария, Германия",9,6.85,6.77
"Дания, США",9,5.87,5.61
"Великобритания, Венгрия",9,5.81,5.73
"Корея Южная, Япония",9,6.63,6.02
"Великобритания, Индия",9,6.77,6.00
"Швеция, США",9,5.61,5.18
"СССР, Польша",9,6.69,6.18
"США, Филиппины",8,5.87,5.26
"Франция, Бельгия, Люксембург",8,6.05,5.61
"Польша, США",8,6.23,5.88
"Испания, Франция, Италия",8,6.70,6.61
"США, Аргентина",8,5.79,5.40
"Тайвань, Франция",8,6.49,7.03
"СССР, США",8,6.26,6.00
"Австралия, Канада",8,5.48,5.16
"Франция, Мексика",8,6.72,6.30
"СССР, Германия (ГДР)",8,7.41,6.91
"США, Германия, Австралия",8,5.76,5.18
"Канада, Ирландия",8,6.60,6.50
"Россия, Болгария",8,5.55,5.71
"Италия, Франция, Великобритания",8,6.92,6.69
"Бразилия, Франция",8,6.66,7.26
"Испания, Италия, Франция",8,5.99,5.69
"США, Марокко",8,6.12,5.76
"США, Швейцария",8,6.15,5.73
Малайзия,7,4.91,4.99
"США, Китай, Япония",7,5.93,5.77
"Франция, Германия, США",7,6.20,6.09
"Бельгия, Франция, Люксембург",7,6.37,6.41
"Франция, Великобритания, США",7,7.20,6.73
"Великобритания, США, Китай",7,6.91,6.76
"СССР, Индия",7,7.03,6.06
"Эстония, Финляндия",7,6.23,6.66
"Мексика, Франция",7,5.95,6.11
"Франция, Люксембург",7,6.26,5.84
"Франция, Бельгия, США",7,5.81,5.86
"Франция, Швеция",7,6.86,6.71
"Германия, Бельгия",7,7.25,6.24
"Бразилия, США",7,6.14,5.61
"Австралия, США, Великобритания",7,6.73,6.29
"Япония, Гонконг",7,5.46,5.59
"Япония, Корея Южная",7,6.75,6.13
"Новая Зеландия, Великобритания",7,6.07,6.13
"Великобритания, Швеция",7,6.45,6.20
"Франция, Израиль",7,6.92,6.94
"Великобритания, США, Нидерланды",7,5.96,6.04
"Китай, Гонконг, США",7,6.62,6.04
"Гонконг, Корея Южная",7,6.43,6.04
"Швеция, Германия",7,6.67,6.76
"США, Китай, Канада",7,6.61,5.99
"Великобритания, Франция, Германия",7,6.35,5.96
"Великобритания, США, Германия",7,6.50,6.04
"США, Япония, Великобритания",7,6.62,6.56
"Франция, Германия, Великобритания",7,6.18,5.66
"Испания, Португалия",7,6.12,6.06
"Италия, Испания, Германия (ФРГ)",7,7.38,7.34
"Великобритания, Франция, Италия",7,6.71,6.16
"Италия, Франция, Югославия",7,6.64,6.40
"США, Китай, Гонконг",7,6.33,5.71
"Великобритания, США, Ирландия",7,6.89,6.59
"Канада, Германия, США",7,5.28,4.21
"Индия, Великобритания",7,7.46,5.99
"Италия, Испания, Великобритания",7,6.36,6.33
"Россия, Италия",7,5.52,5.63
"Аргентина, США",6,5.71,5.43
"США, Люксембург",6,6.46,6.13
"США, Великобритания, Австралия",6,6.71,6.42
Перу,6,5.92,5.93
"Италия, Германия (ФРГ), Испания",6,5.83,5.60
"Франция, Канада, США",6,6.16,5.47
"Китай, Тайвань",6,6.87,5.88
"Швейцария, США",6,6.12,5.95
"Германия (ФРГ), Франция, Италия",6,6.39,6.27
"США, Франция, Германия",6,6.69,6.27
"Дания, Германия",6,7.11,6.80
"США, Канада, Япония",6,6.38,6.12
Словакия,6,6.55,6.15
"Израиль, Германия (ФРГ)",6,6.21,5.50
"Германия, Нидерланды",6,6.80,6.67
"Франция, Германия (ФРГ), Италия",6,6.26,6.23
"Швеция, Германия (ФРГ)",6,7.11,6.95
"Чехословакия, СССР",6,6.47,5.75
Колумбия,6,5.28,5.10
"Польша, СССР",6,7.38,6.78
"Германия (ФРГ), Австрия",6,6.68,6.50
"Казахстан, Россия",6,6.21,5.63
"Германия, Польша",6,6.52,6.67
"США, Бразилия",6,6.53,6.18
"США, Австралия, Канада",6,6.15,5.57
"Россия, Великобритания",6,6.02,6.88
"Франция, Бельгия, Швейцария",6,6.44,6.18
Пакистан,6,6.06,7.02
"Чехия, Германия",6,6.26,6.32
"Германия (ФРГ), Испания",6,5.49,5.43
"США, Бельгия",6,5.91,5.87
"Италия, Франция, Швейцария",6,6.22,6.38
"Польша, Германия",6,6.51,6.48
"СССР, Италия",6,6.90,6.77
Куба,6,6.47,7.18
"Австралия, Франция",6,6.62,6.38
"Великобритания, Нидерланды",6,6.23,5.83
"США, Великобритания, Болгария",6,5.43,5.17
"США, Швеция",6,6.71,6.90
"Индонезия, США",6,5.76,5.37
